filename,width,height,class,xmin,ymin,xmax,ymax
maksssksksss10.png,301,400,with_mask,98,267,194,383
maksssksksss100.png,400,226,with_mask,189,30,245,88
maksssksksss100.png,400,226,with_mask,387,54,400,75
maksssksksss100.png,400,226,with_mask,118,87,163,126
maksssksksss106.png,600,399,with_mask,154,51,423,391
maksssksksss104.png,400,267,without_mask,42,109,66,140
maksssksksss104.png,400,267,without_mask,2,105,22,125
maksssksksss104.png,400,267,without_mask,30,88,46,105
maksssksksss104.png,400,267,with_mask,133,108,174,152
maksssksksss104.png,400,267,with_mask,221,101,256,139
maksssksksss104.png,400,267,without_mask,304,131,331,158
maksssksksss104.png,400,267,without_mask,83,85,96,96
maksssksksss104.png,400,267,without_mask,167,91,180,108
maksssksksss1.png,400,156,with_mask,321,34,354,69
maksssksksss1.png,400,156,with_mask,224,38,261,73
maksssksksss1.png,400,156,with_mask,299,58,315,81
maksssksksss1.png,400,156,with_mask,143,74,174,115
maksssksksss1.png,400,156,with_mask,74,69,95,99
maksssksksss1.png,400,156,with_mask,191,67,221,93
maksssksksss1.png,400,156,with_mask,21,73,44,93
maksssksksss1.png,400,156,with_mask,369,70,398,99
maksssksksss1.png,400,156,without_mask,83,56,111,89
maksssksksss110.png,400,267,without_mask,6,111,43,148
maksssksksss110.png,400,267,without_mask,22,20,49,46
maksssksksss110.png,400,267,with_mask,48,12,70,37
maksssksksss110.png,400,267,with_mask,113,1,136,24
maksssksksss110.png,400,267,without_mask,78,17,106,46
maksssksksss110.png,400,267,without_mask,97,66,115,86
maksssksksss110.png,400,267,without_mask,70,111,104,145
maksssksksss110.png,400,267,without_mask,42,157,85,186
maksssksksss110.png,400,267,with_mask,59,205,111,264
maksssksksss110.png,400,267,without_mask,116,155,172,198
maksssksksss110.png,400,267,without_mask,112,85,149,118
maksssksksss110.png,400,267,without_mask,124,27,153,47
maksssksksss110.png,400,267,without_mask,163,29,189,53
maksssksksss110.png,400,267,with_mask,186,18,215,44
maksssksksss110.png,400,267,with_mask,178,77,214,111
maksssksksss110.png,400,267,without_mask,216,57,241,84
maksssksksss110.png,400,267,without_mask,237,15,268,46
maksssksksss110.png,400,267,without_mask,281,19,308,40
maksssksksss110.png,400,267,without_mask,286,60,311,84
maksssksksss110.png,400,267,with_mask,253,94,293,135
maksssksksss110.png,400,267,without_mask,236,161,273,195
maksssksksss110.png,400,267,with_mask,282,194,322,232
maksssksksss110.png,400,267,with_mask,314,115,350,152
maksssksksss110.png,400,267,without_mask,335,27,359,52
maksssksksss110.png,400,267,without_mask,381,14,401,34
maksssksksss110.png,400,267,with_mask,356,72,385,98
maksssksksss11.png,400,267,mask_weared_incorrect,23,114,77,172
maksssksksss11.png,400,267,with_mask,147,157,200,211
maksssksksss11.png,400,267,with_mask,201,191,230,234
maksssksksss11.png,400,267,with_mask,243,192,293,247
maksssksksss11.png,400,267,with_mask,309,182,346,224
maksssksksss11.png,400,267,with_mask,249,108,276,140
maksssksksss11.png,400,267,with_mask,275,99,303,128
maksssksksss11.png,400,267,with_mask,195,90,214,113
maksssksksss11.png,400,267,with_mask,214,76,237,99
maksssksksss11.png,400,267,with_mask,232,50,247,67
maksssksksss11.png,400,267,with_mask,266,45,281,61
maksssksksss11.png,400,267,with_mask,207,47,222,63
maksssksksss11.png,400,267,with_mask,227,36,239,48
maksssksksss11.png,400,267,with_mask,253,33,267,45
maksssksksss11.png,400,267,with_mask,290,31,304,41
maksssksksss11.png,400,267,with_mask,362,32,372,40
maksssksksss107.png,301,400,with_mask,121,192,212,312
maksssksksss103.png,400,300,with_mask,42,54,94,110
maksssksksss103.png,400,300,with_mask,188,46,236,106
maksssksksss103.png,400,300,with_mask,261,88,303,130
maksssksksss103.png,400,300,with_mask,368,112,400,151
maksssksksss108.png,400,225,with_mask,155,29,180,51
maksssksksss108.png,400,225,with_mask,206,35,228,58
maksssksksss108.png,400,225,with_mask,332,67,346,81
maksssksksss108.png,400,225,with_mask,362,68,376,82
maksssksksss108.png,400,225,without_mask,267,72,278,83
maksssksksss109.png,400,400,with_mask,216,92,372,251
maksssksksss101.png,301,400,with_mask,48,294,164,400
maksssksksss102.png,400,225,with_mask,212,57,251,106
maksssksksss0.png,512,366,without_mask,79,105,109,142
maksssksksss0.png,512,366,with_mask,185,100,226,144
maksssksksss0.png,512,366,without_mask,325,90,360,141
maksssksksss105.png,400,267,with_mask,178,143,213,202
maksssksksss105.png,400,267,with_mask,280,103,312,145
maksssksksss105.png,400,267,with_mask,320,79,352,119
maksssksksss105.png,400,267,with_mask,365,53,390,84
maksssksksss105.png,400,267,with_mask,243,36,267,67
maksssksksss105.png,400,267,with_mask,115,47,146,87
maksssksksss105.png,400,267,with_mask,33,88,65,131
maksssksksss105.png,400,267,with_mask,29,202,65,265
maksssksksss105.png,400,267,with_mask,26,34,52,66
maksssksksss89.png,400,217,with_mask,15,101,23,111
maksssksksss89.png,400,217,with_mask,47,112,61,127
maksssksksss89.png,400,217,with_mask,62,102,85,128
maksssksksss89.png,400,217,with_mask,86,102,99,117
maksssksksss89.png,400,217,with_mask,117,136,141,159
maksssksksss89.png,400,217,with_mask,17,89,22,94
maksssksksss89.png,400,217,with_mask,35,88,41,94
maksssksksss89.png,400,217,with_mask,43,89,52,97
maksssksksss89.png,400,217,with_mask,53,89,60,96
maksssksksss89.png,400,217,with_mask,114,89,124,100
maksssksksss89.png,400,217,with_mask,125,95,132,102
maksssksksss89.png,400,217,with_mask,129,107,140,116
maksssksksss89.png,400,217,with_mask,141,86,147,93
maksssksksss89.png,400,217,with_mask,172,99,183,108
maksssksksss89.png,400,217,with_mask,163,135,175,146
maksssksksss89.png,400,217,with_mask,195,95,203,108
maksssksksss89.png,400,217,with_mask,209,102,222,116
maksssksksss89.png,400,217,with_mask,202,121,219,150
maksssksksss89.png,400,217,with_mask,183,78,190,86
maksssksksss89.png,400,217,with_mask,165,79,174,87
maksssksksss89.png,400,217,with_mask,249,103,266,117
maksssksksss89.png,400,217,with_mask,227,91,236,99
maksssksksss89.png,400,217,with_mask,269,77,275,84
maksssksksss89.png,400,217,with_mask,264,69,270,75
maksssksksss89.png,400,217,with_mask,286,124,338,178
maksssksksss89.png,400,217,with_mask,377,81,393,101
maksssksksss89.png,400,217,with_mask,345,93,355,104
maksssksksss89.png,400,217,with_mask,27,126,34,134
maksssksksss89.png,400,217,with_mask,23,87,29,93
maksssksksss54.png,400,267,with_mask,119,40,157,80
maksssksksss54.png,400,267,with_mask,197,68,227,110
maksssksksss54.png,400,267,with_mask,316,81,338,113
maksssksksss54.png,400,267,without_mask,161,78,178,98
maksssksksss52.png,400,225,without_mask,37,166,84,214
maksssksksss52.png,400,225,without_mask,6,117,47,149
maksssksksss52.png,400,225,with_mask,2,77,35,99
maksssksksss52.png,400,225,with_mask,39,65,75,103
maksssksksss52.png,400,225,with_mask,76,69,92,88
maksssksksss52.png,400,225,without_mask,92,74,129,113
maksssksksss52.png,400,225,with_mask,116,132,161,175
maksssksksss52.png,400,225,with_mask,161,130,195,163
maksssksksss52.png,400,225,with_mask,209,119,262,170
maksssksksss52.png,400,225,with_mask,191,84,208,117
maksssksksss52.png,400,225,without_mask,131,67,157,97
maksssksksss52.png,400,225,mask_weared_incorrect,168,57,196,85
maksssksksss52.png,400,225,without_mask,221,51,246,77
maksssksksss52.png,400,225,without_mask,74,31,96,53
maksssksksss52.png,400,225,with_mask,63,37,77,56
maksssksksss52.png,400,225,with_mask,41,23,58,40
maksssksksss52.png,400,225,with_mask,1,34,24,61
maksssksksss52.png,400,225,mask_weared_incorrect,23,37,37,54
maksssksksss52.png,400,225,with_mask,73,5,84,16
maksssksksss52.png,400,225,with_mask,94,22,103,33
maksssksksss52.png,400,225,with_mask,97,34,115,53
maksssksksss52.png,400,225,with_mask,157,61,173,84
maksssksksss52.png,400,225,with_mask,145,42,160,56
maksssksksss52.png,400,225,with_mask,127,31,142,44
maksssksksss52.png,400,225,with_mask,143,29,160,42
maksssksksss52.png,400,225,with_mask,129,7,139,19
maksssksksss52.png,400,225,with_mask,115,10,120,19
maksssksksss52.png,400,225,with_mask,154,13,163,24
maksssksksss52.png,400,225,with_mask,159,21,171,32
maksssksksss52.png,400,225,without_mask,185,20,200,37
maksssksksss52.png,400,225,with_mask,197,37,214,58
maksssksksss52.png,400,225,with_mask,194,54,211,73
maksssksksss52.png,400,225,with_mask,205,6,210,18
maksssksksss52.png,400,225,with_mask,228,9,236,19
maksssksksss52.png,400,225,with_mask,250,4,261,16
maksssksksss52.png,400,225,mask_weared_incorrect,254,30,272,47
maksssksksss52.png,400,225,without_mask,246,51,256,72
maksssksksss52.png,400,225,with_mask,260,74,285,97
maksssksksss52.png,400,225,with_mask,270,33,281,49
maksssksksss52.png,400,225,without_mask,276,9,284,19
maksssksksss52.png,400,225,with_mask,268,110,279,127
maksssksksss52.png,400,225,with_mask,284,111,316,150
maksssksksss52.png,400,225,with_mask,303,147,352,203
maksssksksss52.png,400,225,with_mask,328,51,352,77
maksssksksss52.png,400,225,without_mask,378,61,388,84
maksssksksss52.png,400,225,with_mask,352,48,366,71
maksssksksss52.png,400,225,with_mask,286,73,307,90
maksssksksss52.png,400,225,with_mask,310,39,329,58
maksssksksss52.png,400,225,with_mask,304,16,322,36
maksssksksss52.png,400,225,mask_weared_incorrect,326,11,338,30
maksssksksss52.png,400,225,with_mask,362,23,370,36
maksssksksss138.png,400,267,with_mask,51,144,128,239
maksssksksss138.png,400,267,with_mask,147,169,217,233
maksssksksss138.png,400,267,with_mask,224,92,309,186
maksssksksss126.png,267,400,with_mask,106,45,158,104
maksssksksss126.png,267,400,with_mask,194,62,215,88
maksssksksss126.png,267,400,without_mask,226,2,267,97
maksssksksss42.png,400,353,with_mask,36,73,95,141
maksssksksss42.png,400,353,with_mask,175,67,228,133
maksssksksss42.png,400,353,with_mask,304,67,363,135
maksssksksss42.png,400,353,with_mask,33,244,95,312
maksssksksss42.png,400,353,with_mask,170,248,231,321
maksssksksss42.png,400,353,with_mask,306,248,366,313
maksssksksss169.png,301,400,with_mask,152,262,220,367
maksssksksss98.png,400,267,with_mask,196,43,236,91
maksssksksss98.png,400,267,with_mask,41,73,65,95
maksssksksss98.png,400,267,with_mask,263,62,287,85
maksssksksss98.png,400,267,with_mask,344,80,377,106
maksssksksss26.png,400,400,with_mask,73,87,174,206
maksssksksss26.png,400,400,with_mask,245,152,327,239
maksssksksss51.png,301,400,without_mask,114,159,213,286
maksssksksss76.png,400,257,with_mask,107,67,136,95
maksssksksss76.png,400,257,mask_weared_incorrect,157,80,165,94
maksssksksss76.png,400,257,with_mask,286,70,300,84
maksssksksss76.png,400,257,with_mask,319,68,356,104
maksssksksss114.png,400,225,without_mask,4,83,75,161
maksssksksss114.png,400,225,with_mask,80,58,153,141
maksssksksss127.png,267,400,with_mask,98,46,130,80
maksssksksss36.png,400,225,with_mask,24,24,47,52
maksssksksss36.png,400,225,with_mask,111,38,127,56
maksssksksss36.png,400,225,with_mask,145,39,170,67
maksssksksss36.png,400,225,with_mask,195,22,216,46
maksssksksss36.png,400,225,with_mask,262,60,273,70
maksssksksss36.png,400,225,with_mask,311,53,319,62
maksssksksss36.png,400,225,with_mask,323,46,337,61
maksssksksss36.png,400,225,with_mask,336,31,354,49
maksssksksss36.png,400,225,with_mask,354,25,379,50
maksssksksss55.png,301,400,with_mask,116,141,234,291
maksssksksss120.png,301,400,with_mask,59,185,183,336
maksssksksss72.png,301,400,without_mask,112,176,207,291
maksssksksss118.png,400,267,with_mask,138,79,176,116
maksssksksss118.png,400,267,with_mask,217,70,255,107
maksssksksss73.png,400,286,with_mask,142,66,164,111
maksssksksss73.png,400,286,with_mask,191,67,225,101
maksssksksss73.png,400,286,with_mask,308,82,329,127
maksssksksss19.png,400,236,without_mask,1,45,18,68
maksssksksss19.png,400,236,with_mask,89,38,115,62
maksssksksss19.png,400,236,without_mask,161,20,195,54
maksssksksss19.png,400,236,with_mask,104,104,182,175
maksssksksss19.png,400,236,with_mask,309,77,375,136
maksssksksss19.png,400,236,without_mask,267,14,287,32
maksssksksss131.png,400,267,with_mask,65,63,110,112
maksssksksss131.png,400,267,with_mask,127,31,166,76
maksssksksss131.png,400,267,without_mask,257,55,284,86
maksssksksss131.png,400,267,with_mask,284,66,321,107
maksssksksss131.png,400,267,without_mask,252,125,295,167
maksssksksss131.png,400,267,with_mask,345,93,363,116
maksssksksss131.png,400,267,without_mask,236,74,256,99
maksssksksss131.png,400,267,without_mask,216,63,237,83
maksssksksss158.png,400,278,with_mask,2,56,24,78
maksssksksss158.png,400,278,with_mask,29,70,42,85
maksssksksss158.png,400,278,with_mask,90,55,104,72
maksssksksss158.png,400,278,with_mask,113,52,133,76
maksssksksss158.png,400,278,with_mask,133,60,144,74
maksssksksss158.png,400,278,with_mask,151,70,166,85
maksssksksss158.png,400,278,with_mask,180,70,195,84
maksssksksss158.png,400,278,with_mask,217,78,238,98
maksssksksss158.png,400,278,with_mask,238,52,256,70
maksssksksss158.png,400,278,with_mask,280,59,293,74
maksssksksss158.png,400,278,with_mask,293,56,310,75
maksssksksss158.png,400,278,with_mask,323,82,342,101
maksssksksss158.png,400,278,with_mask,354,64,371,86
maksssksksss158.png,400,278,with_mask,166,68,174,78
maksssksksss152.png,400,283,with_mask,66,25,82,48
maksssksksss152.png,400,283,with_mask,101,41,124,68
maksssksksss152.png,400,283,with_mask,173,34,193,60
maksssksksss152.png,400,283,with_mask,204,75,225,99
maksssksksss152.png,400,283,with_mask,289,25,312,54
maksssksksss152.png,400,283,with_mask,350,17,368,39
maksssksksss152.png,400,283,with_mask,152,50,167,65
maksssksksss71.png,400,225,without_mask,133,29,173,56
maksssksksss71.png,400,225,with_mask,30,52,74,94
maksssksksss71.png,400,225,with_mask,18,119,83,191
maksssksksss71.png,400,225,with_mask,140,70,191,124
maksssksksss71.png,400,225,with_mask,230,63,344,171
maksssksksss71.png,400,225,with_mask,375,50,400,116
maksssksksss99.png,400,267,mask_weared_incorrect,181,54,273,162
maksssksksss99.png,400,267,with_mask,99,87,176,165
maksssksksss99.png,400,267,with_mask,289,99,355,233
maksssksksss119.png,400,289,with_mask,54,92,82,120
maksssksksss119.png,400,289,with_mask,132,47,153,71
maksssksksss119.png,400,289,with_mask,242,94,268,125
maksssksksss119.png,400,289,with_mask,254,51,266,64
maksssksksss119.png,400,289,with_mask,263,79,275,92
maksssksksss119.png,400,289,without_mask,302,81,330,107
maksssksksss119.png,400,289,without_mask,352,45,377,67
maksssksksss33.png,250,400,with_mask,114,47,143,75
maksssksksss90.png,400,267,with_mask,47,61,81,103
maksssksksss90.png,400,267,with_mask,102,83,133,125
maksssksksss90.png,400,267,with_mask,181,54,208,86
maksssksksss90.png,400,267,with_mask,214,51,252,96
maksssksksss90.png,400,267,with_mask,199,126,239,174
maksssksksss90.png,400,267,with_mask,245,19,273,46
maksssksksss90.png,400,267,with_mask,311,37,339,72
maksssksksss90.png,400,267,with_mask,272,33,292,55
maksssksksss77.png,400,225,with_mask,1,88,13,126
maksssksksss77.png,400,225,with_mask,57,97,88,134
maksssksksss77.png,400,225,with_mask,132,92,173,134
maksssksksss18.png,400,267,with_mask,134,86,192,148
maksssksksss18.png,400,267,with_mask,299,159,354,217
maksssksksss68.png,301,400,without_mask,141,187,237,307
maksssksksss37.png,301,400,with_mask,78,110,192,265
maksssksksss29.png,400,295,with_mask,50,96,120,171
maksssksksss29.png,400,295,mask_weared_incorrect,223,81,285,159
maksssksksss29.png,400,295,mask_weared_incorrect,279,44,340,114
maksssksksss7.png,400,300,with_mask,253,116,342,210
maksssksksss7.png,400,300,with_mask,152,96,222,174
maksssksksss7.png,400,300,with_mask,120,134,173,194
maksssksksss7.png,400,300,without_mask,118,66,135,90
maksssksksss30.png,400,242,with_mask,56,41,94,81
maksssksksss30.png,400,242,without_mask,119,61,146,87
maksssksksss30.png,400,242,with_mask,166,59,196,83
maksssksksss30.png,400,242,with_mask,220,31,249,64
maksssksksss30.png,400,242,with_mask,262,66,290,95
maksssksksss30.png,400,242,without_mask,292,58,318,86
maksssksksss30.png,400,242,with_mask,334,131,365,161
maksssksksss22.png,400,268,with_mask,183,101,270,185
maksssksksss58.png,400,267,with_mask,25,75,43,95
maksssksksss58.png,400,267,with_mask,52,68,67,84
maksssksksss58.png,400,267,with_mask,74,61,86,74
maksssksksss58.png,400,267,with_mask,98,78,117,97
maksssksksss58.png,400,267,with_mask,159,75,178,94
maksssksksss58.png,400,267,with_mask,187,49,220,84
maksssksksss58.png,400,267,with_mask,234,53,251,76
maksssksksss58.png,400,267,with_mask,273,81,285,93
maksssksksss58.png,400,267,with_mask,297,65,314,85
maksssksksss58.png,400,267,with_mask,335,81,349,97
maksssksksss58.png,400,267,with_mask,369,73,383,90
maksssksksss58.png,400,267,with_mask,385,72,393,85
maksssksksss58.png,400,267,with_mask,107,59,118,69
maksssksksss50.png,400,292,with_mask,206,83,238,114
maksssksksss50.png,400,292,with_mask,226,51,262,82
maksssksksss2.png,400,290,with_mask,68,42,105,69
maksssksksss2.png,400,290,with_mask,154,47,178,74
maksssksksss2.png,400,290,with_mask,238,34,262,69
maksssksksss2.png,400,290,mask_weared_incorrect,333,31,366,65
maksssksksss87.png,301,400,with_mask,129,284,211,387
maksssksksss16.png,301,400,with_mask,48,227,146,345
maksssksksss129.png,400,295,without_mask,106,69,124,89
maksssksksss129.png,400,295,without_mask,149,30,168,53
maksssksksss129.png,400,295,with_mask,246,40,271,69
maksssksksss125.png,301,400,without_mask,118,151,216,279
maksssksksss3.png,400,271,with_mask,52,53,73,76
maksssksksss3.png,400,271,with_mask,72,53,92,75
maksssksksss3.png,400,271,with_mask,112,51,120,68
maksssksksss3.png,400,271,with_mask,155,60,177,83
maksssksksss3.png,400,271,with_mask,189,59,210,80
maksssksksss3.png,400,271,with_mask,235,57,257,78
maksssksksss3.png,400,271,with_mask,289,60,309,83
maksssksksss3.png,400,271,with_mask,313,68,333,90
maksssksksss3.png,400,271,with_mask,351,35,364,59
maksssksksss146.png,400,267,with_mask,119,122,184,192
maksssksksss146.png,400,267,with_mask,265,90,324,153
maksssksksss143.png,301,400,with_mask,102,200,194,333
maksssksksss168.png,400,225,without_mask,40,74,62,90
maksssksksss168.png,400,225,with_mask,35,116,51,133
maksssksksss168.png,400,225,with_mask,85,79,97,90
maksssksksss168.png,400,225,with_mask,169,66,287,188
maksssksksss168.png,400,225,without_mask,363,51,384,81
maksssksksss12.png,400,272,with_mask,72,71,90,88
maksssksksss12.png,400,272,with_mask,119,70,137,88
maksssksksss12.png,400,272,with_mask,163,76,185,96
maksssksksss12.png,400,272,with_mask,36,70,46,82
maksssksksss12.png,400,272,with_mask,120,55,132,68
maksssksksss12.png,400,272,with_mask,94,59,102,69
maksssksksss12.png,400,272,with_mask,153,61,171,81
maksssksksss12.png,400,272,with_mask,335,70,353,87
maksssksksss12.png,400,272,with_mask,273,58,290,75
maksssksksss12.png,400,272,with_mask,232,61,249,78
maksssksksss12.png,400,272,without_mask,298,61,312,84
maksssksksss12.png,400,272,with_mask,354,54,365,68
maksssksksss12.png,400,272,with_mask,38,82,45,98
maksssksksss13.png,400,226,with_mask,28,54,44,71
maksssksksss13.png,400,226,with_mask,98,62,114,80
maksssksksss13.png,400,226,mask_weared_incorrect,162,51,194,89
maksssksksss13.png,400,226,with_mask,293,60,313,81
maksssksksss13.png,400,226,with_mask,352,53,373,71
maksssksksss13.png,400,226,with_mask,229,53,241,72
maksssksksss166.png,400,267,with_mask,98,1,150,58
maksssksksss166.png,400,267,with_mask,205,115,235,155
maksssksksss166.png,400,267,with_mask,255,141,278,171
maksssksksss166.png,400,267,with_mask,303,180,325,207
maksssksksss166.png,400,267,with_mask,329,195,347,218
maksssksksss166.png,400,267,with_mask,351,204,372,226
maksssksksss53.png,400,226,with_mask,82,63,103,87
maksssksksss53.png,400,226,with_mask,194,30,216,56
maksssksksss53.png,400,226,with_mask,200,91,234,128
maksssksksss112.png,267,400,mask_weared_incorrect,90,84,138,131
maksssksksss78.png,301,400,with_mask,108,231,186,336
maksssksksss79.png,400,400,with_mask,60,121,87,148
maksssksksss79.png,400,400,with_mask,183,117,208,146
maksssksksss79.png,400,400,with_mask,239,165,256,183
maksssksksss79.png,400,400,with_mask,282,149,300,169
maksssksksss79.png,400,400,with_mask,330,100,356,128
maksssksksss170.png,400,225,with_mask,102,54,239,210
maksssksksss83.png,400,306,with_mask,37,60,112,137
maksssksksss83.png,400,306,with_mask,145,116,229,209
maksssksksss83.png,400,306,without_mask,268,16,380,135
maksssksksss32.png,400,225,with_mask,177,46,200,70
maksssksksss32.png,400,225,with_mask,305,32,338,60
maksssksksss142.png,479,359,with_mask,144,110,244,235
maksssksksss21.png,400,227,with_mask,40,137,109,218
maksssksksss21.png,400,227,with_mask,54,57,111,112
maksssksksss21.png,400,227,with_mask,189,78,246,140
maksssksksss21.png,400,227,with_mask,311,48,358,98
maksssksksss21.png,400,227,without_mask,182,32,221,60
maksssksksss9.png,267,400,mask_weared_incorrect,148,75,201,133
maksssksksss9.png,267,400,without_mask,27,78,56,106
maksssksksss49.png,400,225,with_mask,352,102,370,123
maksssksksss49.png,400,225,with_mask,272,33,289,51
maksssksksss49.png,400,225,with_mask,188,124,206,143
maksssksksss49.png,400,225,with_mask,20,54,41,72
maksssksksss49.png,400,225,with_mask,123,68,141,87
maksssksksss49.png,400,225,with_mask,157,45,173,63
maksssksksss49.png,400,225,without_mask,95,211,113,225
maksssksksss49.png,400,225,without_mask,225,181,240,200
maksssksksss121.png,400,300,without_mask,11,48,41,75
maksssksksss121.png,400,300,without_mask,91,41,121,72
maksssksksss121.png,400,300,without_mask,176,56,204,83
maksssksksss121.png,400,300,without_mask,239,56,266,81
maksssksksss121.png,400,300,without_mask,301,62,329,87
maksssksksss121.png,400,300,without_mask,343,74,368,97
maksssksksss121.png,400,300,without_mask,387,82,400,107
maksssksksss85.png,267,400,with_mask,84,54,199,167
maksssksksss40.png,400,267,with_mask,65,87,106,134
maksssksksss40.png,400,267,with_mask,203,75,232,114
maksssksksss40.png,400,267,with_mask,258,77,297,123
maksssksksss40.png,400,267,without_mask,367,80,394,112
maksssksksss23.png,400,299,with_mask,188,74,241,131
maksssksksss57.png,301,400,with_mask,101,251,162,355
maksssksksss25.png,300,400,with_mask,122,68,195,152
maksssksksss8.png,301,400,with_mask,75,271,152,385
maksssksksss6.png,600,405,with_mask,254,100,387,260
maksssksksss69.png,400,351,with_mask,145,93,280,241
maksssksksss156.png,400,267,with_mask,327,33,352,59
maksssksksss156.png,400,267,with_mask,27,47,47,65
maksssksksss156.png,400,267,with_mask,249,43,268,63
maksssksksss156.png,400,267,with_mask,278,73,291,87
maksssksksss156.png,400,267,mask_weared_incorrect,366,70,385,91
maksssksksss156.png,400,267,mask_weared_incorrect,181,40,203,67
maksssksksss156.png,400,267,mask_weared_incorrect,36,63,59,88
maksssksksss156.png,400,267,without_mask,1,45,19,64
maksssksksss156.png,400,267,without_mask,68,68,90,91
maksssksksss156.png,400,267,without_mask,87,55,102,71
maksssksksss156.png,400,267,without_mask,137,58,155,74
maksssksksss156.png,400,267,without_mask,233,50,250,67
maksssksksss156.png,400,267,without_mask,281,33,300,51
maksssksksss84.png,512,354,with_mask,64,129,110,174
maksssksksss84.png,512,354,with_mask,166,136,222,196
maksssksksss84.png,512,354,with_mask,383,126,430,184
maksssksksss5.png,400,266,with_mask,118,54,161,96
maksssksksss5.png,400,266,without_mask,364,30,401,66
maksssksksss5.png,400,266,without_mask,192,106,229,144
maksssksksss5.png,400,266,with_mask,249,95,291,139
maksssksksss27.png,400,312,with_mask,163,88,251,185
maksssksksss137.png,400,400,without_mask,38,143,53,161
maksssksksss137.png,400,400,without_mask,76,146,95,164
maksssksksss137.png,400,400,with_mask,114,142,131,163
maksssksksss137.png,400,400,with_mask,158,165,175,185
maksssksksss137.png,400,400,without_mask,217,153,241,174
maksssksksss137.png,400,400,without_mask,283,158,310,181
maksssksksss39.png,398,400,with_mask,157,107,223,184
maksssksksss39.png,398,400,with_mask,239,97,347,219
maksssksksss151.png,400,200,without_mask,59,131,64,138
maksssksksss151.png,400,200,with_mask,82,127,89,134
maksssksksss151.png,400,200,with_mask,101,142,105,146
maksssksksss151.png,400,200,with_mask,111,132,116,138
maksssksksss151.png,400,200,with_mask,126,131,132,138
maksssksksss151.png,400,200,with_mask,134,134,139,140
maksssksksss151.png,400,200,with_mask,143,134,149,139
maksssksksss151.png,400,200,mask_weared_incorrect,170,142,180,152
maksssksksss151.png,400,200,with_mask,225,105,235,117
maksssksksss151.png,400,200,with_mask,278,100,288,113
maksssksksss136.png,267,400,with_mask,100,105,152,158
maksssksksss113.png,400,267,with_mask,133,108,148,124
maksssksksss113.png,400,267,with_mask,203,117,214,131
maksssksksss113.png,400,267,with_mask,294,115,308,130
maksssksksss113.png,400,267,without_mask,228,119,241,134
maksssksksss46.png,400,226,with_mask,17,37,41,59
maksssksksss46.png,400,226,with_mask,68,21,87,38
maksssksksss46.png,400,226,with_mask,114,32,132,48
maksssksksss46.png,400,226,with_mask,147,31,170,53
maksssksksss46.png,400,226,with_mask,207,20,223,37
maksssksksss46.png,400,226,with_mask,238,27,251,43
maksssksksss46.png,400,226,with_mask,267,27,282,40
maksssksksss46.png,400,226,with_mask,287,22,302,39
maksssksksss46.png,400,226,with_mask,326,30,348,51
maksssksksss46.png,400,226,with_mask,357,27,375,45
maksssksksss86.png,400,300,with_mask,22,121,77,181
maksssksksss86.png,400,300,with_mask,231,76,290,144
maksssksksss86.png,400,300,without_mask,335,135,395,198
maksssksksss86.png,400,300,without_mask,78,105,111,149
maksssksksss163.png,400,300,with_mask,209,108,226,126
maksssksksss163.png,400,300,with_mask,161,124,184,152
maksssksksss165.png,450,463,with_mask,15,111,114,219
maksssksksss165.png,450,463,with_mask,324,135,410,238
maksssksksss147.png,400,250,without_mask,103,9,120,33
maksssksksss147.png,400,250,with_mask,198,15,218,36
maksssksksss147.png,400,250,with_mask,224,89,243,109
maksssksksss147.png,400,250,with_mask,272,33,294,55
maksssksksss34.png,400,267,with_mask,63,99,75,113
maksssksksss34.png,400,267,with_mask,102,79,117,95
maksssksksss34.png,400,267,with_mask,142,84,155,99
maksssksksss34.png,400,267,without_mask,129,92,142,102
maksssksksss34.png,400,267,with_mask,195,79,209,95
maksssksksss34.png,400,267,with_mask,213,86,228,103
maksssksksss34.png,400,267,with_mask,245,71,260,86
maksssksksss34.png,400,267,without_mask,299,91,312,104
maksssksksss167.png,400,210,with_mask,45,69,96,113
maksssksksss167.png,400,210,with_mask,185,113,222,155
maksssksksss167.png,400,210,with_mask,271,32,311,75
maksssksksss167.png,400,210,with_mask,20,90,30,105
maksssksksss64.png,400,225,with_mask,99,44,116,64
maksssksksss64.png,400,225,with_mask,151,41,171,61
maksssksksss64.png,400,225,with_mask,306,21,326,42
maksssksksss64.png,400,225,with_mask,354,32,357,38
maksssksksss64.png,400,225,without_mask,275,32,277,35
maksssksksss64.png,400,225,with_mask,243,34,246,37
maksssksksss64.png,400,225,with_mask,207,38,208,40
maksssksksss64.png,400,225,with_mask,216,37,218,39
maksssksksss64.png,400,225,with_mask,217,36,219,39
maksssksksss64.png,400,225,with_mask,226,35,227,37
maksssksksss64.png,400,225,with_mask,230,36,231,38
maksssksksss82.png,400,225,with_mask,7,53,27,75
maksssksksss82.png,400,225,with_mask,57,67,79,89
maksssksksss82.png,400,225,with_mask,149,45,172,72
maksssksksss82.png,400,225,with_mask,192,36,215,65
maksssksksss82.png,400,225,with_mask,241,74,262,97
maksssksksss82.png,400,225,with_mask,331,58,354,88
maksssksksss160.png,400,286,with_mask,71,82,151,153
maksssksksss160.png,400,286,with_mask,246,107,326,195
maksssksksss122.png,400,267,with_mask,201,38,345,213
maksssksksss63.png,400,226,with_mask,131,86,259,216
maksssksksss75.png,400,211,with_mask,9,31,19,45
maksssksksss75.png,400,211,with_mask,29,18,39,30
maksssksksss75.png,400,211,with_mask,42,38,53,50
maksssksksss75.png,400,211,with_mask,75,32,89,47
maksssksksss75.png,400,211,with_mask,97,37,118,55
maksssksksss75.png,400,211,with_mask,119,18,131,34
maksssksksss75.png,400,211,with_mask,142,20,152,32
maksssksksss75.png,400,211,with_mask,202,35,218,54
maksssksksss75.png,400,211,with_mask,234,28,249,48
maksssksksss75.png,400,211,with_mask,276,26,298,50
maksssksksss75.png,400,211,with_mask,313,31,332,52
maksssksksss75.png,400,211,with_mask,351,27,366,41
maksssksksss75.png,400,211,without_mask,358,89,370,105
maksssksksss62.png,301,400,with_mask,80,180,212,356
maksssksksss15.png,193,400,with_mask,59,144,125,213
maksssksksss15.png,193,400,with_mask,82,330,118,366
maksssksksss74.png,400,301,with_mask,2,160,36,197
maksssksksss74.png,400,301,with_mask,27,120,43,138
maksssksksss74.png,400,301,with_mask,44,112,55,125
maksssksksss74.png,400,301,with_mask,64,101,74,110
maksssksksss74.png,400,301,with_mask,5,105,14,113
maksssksksss74.png,400,301,with_mask,72,123,87,136
maksssksksss74.png,400,301,with_mask,89,103,100,115
maksssksksss74.png,400,301,with_mask,92,135,138,184
maksssksksss74.png,400,301,with_mask,112,103,122,111
maksssksksss74.png,400,301,with_mask,148,108,155,114
maksssksksss74.png,400,301,with_mask,155,113,166,123
maksssksksss74.png,400,301,with_mask,169,128,186,146
maksssksksss74.png,400,301,with_mask,205,121,230,147
maksssksksss74.png,400,301,with_mask,199,114,208,128
maksssksksss74.png,400,301,with_mask,175,112,182,119
maksssksksss74.png,400,301,with_mask,229,102,240,111
maksssksksss74.png,400,301,with_mask,276,115,286,123
maksssksksss74.png,400,301,with_mask,277,101,284,108
maksssksksss74.png,400,301,with_mask,294,128,304,138
maksssksksss74.png,400,301,with_mask,288,107,295,112
maksssksksss74.png,400,301,with_mask,307,116,315,125
maksssksksss74.png,400,301,with_mask,321,125,340,144
maksssksksss74.png,400,301,with_mask,352,116,362,126
maksssksksss74.png,400,301,with_mask,391,129,400,149
maksssksksss74.png,400,301,with_mask,379,112,391,122
maksssksksss74.png,400,301,without_mask,215,103,221,109
maksssksksss4.png,301,400,with_mask,70,185,176,321
maksssksksss117.png,301,400,with_mask,131,224,227,346
maksssksksss44.png,400,226,with_mask,43,139,80,182
maksssksksss44.png,400,226,with_mask,140,93,188,148
maksssksksss44.png,400,226,with_mask,261,47,321,120
maksssksksss44.png,400,226,without_mask,332,12,394,90
maksssksksss56.png,400,267,with_mask,191,105,258,183
maksssksksss24.png,267,400,mask_weared_incorrect,105,76,161,116
maksssksksss144.png,400,217,with_mask,130,19,155,47
maksssksksss144.png,400,217,with_mask,212,56,232,79
maksssksksss144.png,400,217,with_mask,298,60,316,80
maksssksksss67.png,400,300,with_mask,78,58,92,75
maksssksksss67.png,400,300,with_mask,153,48,167,65
maksssksksss67.png,400,300,with_mask,234,68,247,86
maksssksksss67.png,400,300,with_mask,292,64,305,86
maksssksksss124.png,400,271,with_mask,91,146,143,204
maksssksksss124.png,400,271,with_mask,239,126,290,182
maksssksksss124.png,400,271,with_mask,378,146,399,171
maksssksksss124.png,400,271,without_mask,1,170,20,196
maksssksksss124.png,400,271,without_mask,333,133,360,170
maksssksksss139.png,400,225,with_mask,2,28,19,46
maksssksksss139.png,400,225,with_mask,23,36,45,59
maksssksksss139.png,400,225,without_mask,30,71,51,92
maksssksksss139.png,400,225,with_mask,4,177,35,209
maksssksksss139.png,400,225,with_mask,93,15,117,34
maksssksksss139.png,400,225,with_mask,99,74,122,100
maksssksksss139.png,400,225,mask_weared_incorrect,56,132,79,162
maksssksksss139.png,400,225,with_mask,36,152,65,183
maksssksksss139.png,400,225,with_mask,138,191,165,221
maksssksksss139.png,400,225,with_mask,182,13,209,36
maksssksksss139.png,400,225,with_mask,188,55,213,80
maksssksksss139.png,400,225,with_mask,196,146,219,168
maksssksksss139.png,400,225,with_mask,213,164,243,193
maksssksksss139.png,400,225,with_mask,253,13,277,35
maksssksksss139.png,400,225,with_mask,246,73,268,98
maksssksksss139.png,400,225,with_mask,286,10,314,38
maksssksksss139.png,400,225,with_mask,320,1,341,15
maksssksksss139.png,400,225,with_mask,345,34,372,57
maksssksksss139.png,400,225,with_mask,358,116,388,141
maksssksksss31.png,400,267,with_mask,209,90,278,165
maksssksksss31.png,400,267,with_mask,144,60,202,135
maksssksksss135.png,400,225,with_mask,49,157,144,225
maksssksksss135.png,400,225,with_mask,151,67,270,198
maksssksksss81.png,400,240,with_mask,27,46,123,154
maksssksksss81.png,400,240,with_mask,145,99,229,190
maksssksksss81.png,400,240,with_mask,275,82,362,174
maksssksksss65.png,400,300,with_mask,179,74,218,117
maksssksksss65.png,400,300,with_mask,264,96,294,141
maksssksksss65.png,400,300,without_mask,341,77,362,103
maksssksksss153.png,400,268,with_mask,89,21,112,44
maksssksksss153.png,400,268,without_mask,289,21,311,44
maksssksksss43.png,266,400,with_mask,116,46,172,108
maksssksksss43.png,266,400,with_mask,7,121,31,147
maksssksksss41.png,400,281,with_mask,29,184,63,216
maksssksksss41.png,400,281,with_mask,50,165,74,194
maksssksksss41.png,400,281,with_mask,107,175,139,208
maksssksksss41.png,400,281,with_mask,181,151,201,172
maksssksksss41.png,400,281,with_mask,202,188,236,225
maksssksksss41.png,400,281,with_mask,234,183,247,207
maksssksksss41.png,400,281,with_mask,253,169,271,189
maksssksksss41.png,400,281,with_mask,283,203,315,235
maksssksksss41.png,400,281,with_mask,337,186,361,210
maksssksksss134.png,400,225,with_mask,92,19,117,50
maksssksksss134.png,400,225,without_mask,156,22,177,48
maksssksksss134.png,400,225,with_mask,179,24,197,47
maksssksksss134.png,400,225,with_mask,183,74,205,100
maksssksksss134.png,400,225,with_mask,269,70,285,89
maksssksksss134.png,400,225,without_mask,343,15,359,34
maksssksksss134.png,400,225,with_mask,302,43,318,59
maksssksksss61.png,400,273,with_mask,3,151,51,234
maksssksksss61.png,400,273,without_mask,162,9,178,27
maksssksksss61.png,400,273,with_mask,117,7,141,26
maksssksksss61.png,400,273,with_mask,11,1,33,12
maksssksksss61.png,400,273,with_mask,93,37,114,59
maksssksksss61.png,400,273,with_mask,125,37,153,65
maksssksksss61.png,400,273,without_mask,228,48,244,67
maksssksksss61.png,400,273,without_mask,209,61,233,84
maksssksksss61.png,400,273,with_mask,264,27,287,53
maksssksksss61.png,400,273,with_mask,322,43,340,65
maksssksksss61.png,400,273,with_mask,295,117,328,146
maksssksksss61.png,400,273,with_mask,361,86,386,109
maksssksksss61.png,400,273,with_mask,185,99,213,130
maksssksksss149.png,400,283,with_mask,38,98,71,130
maksssksksss149.png,400,283,with_mask,180,103,215,136
maksssksksss149.png,400,283,with_mask,287,53,315,85
maksssksksss149.png,400,283,with_mask,315,57,341,89
maksssksksss149.png,400,283,with_mask,330,104,359,133
maksssksksss149.png,400,283,with_mask,324,180,348,210
maksssksksss162.png,301,400,with_mask,86,181,191,308
maksssksksss157.png,400,225,with_mask,22,78,43,98
maksssksksss157.png,400,225,without_mask,84,61,111,95
maksssksksss157.png,400,225,with_mask,144,78,173,119
maksssksksss157.png,400,225,with_mask,193,71,217,97
maksssksksss157.png,400,225,with_mask,225,43,259,80
maksssksksss157.png,400,225,with_mask,297,62,316,86
maksssksksss157.png,400,225,with_mask,320,40,352,74
maksssksksss157.png,400,225,with_mask,368,75,395,104
maksssksksss141.png,400,267,with_mask,129,96,175,155
maksssksksss141.png,400,267,with_mask,220,123,260,169
maksssksksss97.png,301,400,with_mask,187,83,212,109
maksssksksss145.png,400,226,mask_weared_incorrect,91,89,114,111
maksssksksss145.png,400,226,mask_weared_incorrect,183,102,203,122
maksssksksss145.png,400,226,without_mask,310,96,333,119
maksssksksss96.png,400,280,with_mask,102,97,140,135
maksssksksss96.png,400,280,without_mask,64,151,110,201
maksssksksss96.png,400,280,without_mask,251,88,282,124
maksssksksss96.png,400,280,with_mask,296,153,335,195
maksssksksss70.png,400,225,without_mask,18,117,45,145
maksssksksss70.png,400,225,without_mask,62,120,85,143
maksssksksss70.png,400,225,without_mask,96,128,120,157
maksssksksss70.png,400,225,with_mask,152,71,203,126
maksssksksss70.png,400,225,with_mask,326,117,353,144
maksssksksss91.png,400,225,with_mask,62,11,96,52
maksssksksss91.png,400,225,with_mask,111,48,169,115
maksssksksss91.png,400,225,with_mask,200,1,248,43
maksssksksss91.png,400,225,with_mask,244,65,305,141
maksssksksss91.png,400,225,with_mask,290,101,342,185
maksssksksss116.png,400,225,with_mask,116,88,150,122
maksssksksss116.png,400,225,with_mask,160,79,193,118
maksssksksss116.png,400,225,with_mask,235,43,272,87
maksssksksss116.png,400,225,with_mask,304,68,336,102
maksssksksss116.png,400,225,with_mask,379,61,399,96
maksssksksss45.png,400,226,without_mask,63,34,95,63
maksssksksss45.png,400,226,with_mask,222,40,272,84
maksssksksss45.png,400,226,without_mask,250,159,279,203
maksssksksss60.png,301,400,with_mask,78,176,178,304
maksssksksss92.png,400,267,with_mask,12,141,39,174
maksssksksss92.png,400,267,with_mask,116,115,148,151
maksssksksss92.png,400,267,with_mask,179,79,249,149
maksssksksss92.png,400,267,with_mask,323,95,359,143
maksssksksss92.png,400,267,with_mask,87,123,108,147
maksssksksss92.png,400,267,without_mask,16,115,38,139
maksssksksss92.png,400,267,with_mask,249,122,264,141
maksssksksss92.png,400,267,with_mask,356,117,370,143
maksssksksss95.png,301,400,without_mask,67,289,155,400
maksssksksss14.png,301,400,without_mask,152,192,239,319
maksssksksss123.png,400,301,with_mask,92,106,191,224
maksssksksss123.png,400,301,with_mask,227,129,321,229
maksssksksss38.png,400,285,with_mask,194,102,230,139
maksssksksss38.png,400,285,without_mask,252,116,284,149
maksssksksss161.png,301,400,without_mask,123,227,190,328
maksssksksss59.png,400,267,with_mask,94,133,109,148
maksssksksss59.png,400,267,with_mask,140,105,158,120
maksssksksss59.png,400,267,with_mask,174,98,190,114
maksssksksss59.png,400,267,with_mask,230,99,244,115
maksssksksss59.png,400,267,with_mask,294,108,307,123
maksssksksss164.png,400,200,with_mask,12,47,40,73
maksssksksss164.png,400,200,with_mask,44,51,66,75
maksssksksss164.png,400,200,with_mask,80,42,99,63
maksssksksss164.png,400,200,without_mask,153,39,179,65
maksssksksss164.png,400,200,without_mask,203,35,225,59
maksssksksss164.png,400,200,with_mask,256,45,271,63
maksssksksss164.png,400,200,with_mask,292,58,311,77
maksssksksss164.png,400,200,with_mask,327,64,346,83
maksssksksss164.png,400,200,with_mask,361,37,386,64
maksssksksss35.png,400,255,with_mask,132,44,208,123
maksssksksss35.png,400,255,with_mask,330,67,375,114
maksssksksss133.png,301,400,with_mask,100,179,221,318
maksssksksss93.png,400,267,with_mask,82,72,104,92
maksssksksss93.png,400,267,with_mask,150,78,165,94
maksssksksss93.png,400,267,with_mask,171,78,195,103
maksssksksss93.png,400,267,with_mask,181,101,207,129
maksssksksss93.png,400,267,with_mask,219,82,234,97
maksssksksss93.png,400,267,with_mask,248,76,267,95
maksssksksss93.png,400,267,with_mask,271,77,297,103
maksssksksss93.png,400,267,with_mask,292,62,309,82
maksssksksss93.png,400,267,with_mask,388,72,401,92
maksssksksss80.png,400,226,with_mask,214,54,291,132
maksssksksss159.png,400,225,with_mask,5,114,58,178
maksssksksss159.png,400,225,with_mask,125,82,136,95
maksssksksss159.png,400,225,with_mask,157,82,170,99
maksssksksss159.png,400,225,with_mask,213,65,225,79
maksssksksss159.png,400,225,with_mask,51,89,57,96
maksssksksss159.png,400,225,with_mask,175,80,180,86
maksssksksss159.png,400,225,with_mask,193,79,200,87
maksssksksss159.png,400,225,with_mask,253,75,261,80
maksssksksss159.png,400,225,with_mask,276,75,288,87
maksssksksss159.png,400,225,with_mask,326,32,395,105
maksssksksss159.png,400,225,without_mask,290,66,296,74
maksssksksss159.png,400,225,with_mask,85,86,89,95
maksssksksss94.png,400,226,with_mask,374,66,400,98
maksssksksss94.png,400,226,with_mask,305,58,337,93
maksssksksss94.png,400,226,with_mask,43,77,83,127
maksssksksss94.png,400,226,with_mask,110,95,171,169
maksssksksss94.png,400,226,mask_weared_incorrect,227,91,255,122
maksssksksss94.png,400,226,without_mask,267,74,290,96
maksssksksss140.png,400,267,with_mask,37,74,188,247
maksssksksss140.png,400,267,with_mask,210,114,336,255
maksssksksss17.png,301,400,with_mask,73,179,169,297
maksssksksss132.png,306,400,mask_weared_incorrect,106,72,190,182
maksssksksss47.png,400,268,with_mask,152,64,285,207
maksssksksss111.png,400,268,with_mask,17,182,35,202
maksssksksss111.png,400,268,with_mask,17,101,25,116
maksssksksss111.png,400,268,with_mask,48,98,61,113
maksssksksss111.png,400,268,without_mask,17,127,27,144
maksssksksss111.png,400,268,without_mask,5,133,14,152
maksssksksss111.png,400,268,with_mask,109,59,132,82
maksssksksss111.png,400,268,with_mask,140,64,161,85
maksssksksss111.png,400,268,with_mask,184,68,207,93
maksssksksss111.png,400,268,with_mask,248,73,267,95
maksssksksss111.png,400,268,with_mask,291,65,314,90
maksssksksss111.png,400,268,with_mask,383,96,397,110
maksssksksss111.png,400,268,without_mask,383,125,398,145
maksssksksss115.png,400,267,with_mask,24,67,47,91
maksssksksss115.png,400,267,with_mask,79,91,103,112
maksssksksss115.png,400,267,with_mask,109,80,128,101
maksssksksss115.png,400,267,with_mask,137,88,159,110
maksssksksss115.png,400,267,with_mask,179,107,205,134
maksssksksss115.png,400,267,with_mask,254,105,278,128
maksssksksss115.png,400,267,with_mask,221,78,244,100
maksssksksss115.png,400,267,with_mask,172,86,183,107
maksssksksss115.png,400,267,with_mask,185,85,209,104
maksssksksss48.png,301,400,without_mask,85,152,190,279
maksssksksss155.png,400,225,with_mask,43,108,107,174
maksssksksss155.png,400,225,with_mask,77,53,163,140
maksssksksss155.png,400,225,with_mask,278,92,314,137
maksssksksss155.png,400,225,with_mask,381,97,392,111
maksssksksss20.png,267,400,with_mask,93,60,153,124
maksssksksss28.png,400,300,with_mask,105,23,170,96
maksssksksss130.png,332,400,mask_weared_incorrect,7,104,46,147
maksssksksss130.png,332,400,mask_weared_incorrect,162,58,208,112
maksssksksss130.png,332,400,without_mask,304,95,332,141
maksssksksss130.png,332,400,without_mask,198,95,223,136
maksssksksss154.png,301,400,without_mask,90,200,184,333
maksssksksss148.png,400,364,with_mask,1,20,81,136
maksssksksss148.png,400,364,without_mask,68,95,124,157
maksssksksss148.png,400,364,without_mask,116,104,140,144
maksssksksss148.png,400,364,with_mask,151,89,247,205
maksssksksss148.png,400,364,without_mask,325,77,397,156
maksssksksss148.png,400,364,with_mask,243,120,283,179
maksssksksss150.png,301,400,with_mask,60,136,164,260
maksssksksss88.png,301,400,with_mask,42,176,151,304
maksssksksss128.png,301,400,without_mask,93,183,194,295
maksssksksss66.png,380,400,with_mask,179,81,267,173
